SC,Discipline
Acoustics,Physical
Agriculture,Life
Agriculture; Chemistry; Food Science & Technology,Life
Agriculture; Computer Science,Life
Agriculture; Food Science & Technology,Life
Agriculture; Genetics & Heredity,Life
Agriculture; Plant Sciences,Life
Agriculture; Veterinary Sciences,Life
Agriculture; Water Resources,Life
Anatomy & Morphology,Life
Anatomy & Morphology; Life Sciences & Biomedicine - Other Topics;,Life
Anatomy & Morphology; Zoology,Life
Anthropology,Social
Anthropology; Archaeology,Social
Anthropology; Archaeology; Cultural Studies,Social
Anthropology; Archaeology; Geology,Social
Anthropology; Archaeology; History,Social
Anthropology; Archaeology; Paleontology,Social
Anthropology; Archaeology; Zoology,Social
Anthropology; Area Studies,Social
Anthropology; Asian Studies,Social
Anthropology; Biomedical Social Sciences,Social
Anthropology; Cultural Studies,Social
Anthropology; Education & Educational Research,Social
Anthropology; Environmental Sciences & Ecology; Sociology,Social
Anthropology; Environmental Sciences & Ecology; Sociology; Veterinary,Social
Anthropology; Evolutionary Biology,Social
Anthropology; History,Social
Anthropology; History; Sociology,Social
Anthropology; Life Sciences & Biomedicine - Other Topics,Social
Anthropology; Life Sciences & Biomedicine - Other Topics; Genetics &,Social
Anthropology; Life Sciences & Biomedicine - Other Topics; Public,Social
Anthropology; Linguistics,Social
Anthropology; Public Administration,Social
Anthropology; Social Sciences - Other Topics,Social
Anthropology; Sociology,Social
Archaeology,Social
Archaeology; Architecture,Social
Archaeology; Art,Social
Archaeology; Art; Chemistry; Geology; Materials Science; Spectroscopy,Social
Archaeology; Art; Chemistry; Spectroscopy,Social
Archaeology; Arts & Humanities - Other Topics,Social
Archaeology; Asian Studies,Social
Archaeology; Chemistry; Geology,Social
Archaeology; Environmental Sciences & Ecology; Geology,Social
Archaeology; Geology,Social
Archaeology; History,Social
Architecture,Architecture
Architecture; Art,Architecture
Architecture; Construction & Building Technology; Engineering,Architecture
Architecture; History,Architecture
Architecture; History & Philosophy of Science,Architecture
Area Studies,Social
Area Studies; Arts & Humanities - Other Topics,Social
Area Studies; Asian Studies,Social
Area Studies; Cultural Studies; History,Social
Area Studies; Government & Law,Law
Area Studies; History,Social
Area Studies; Public Administration,Social
Area Studies; Social Sciences - Other Topics,Social
Art,Humanities
Art; Asian Studies,Humanities
Art; Cultural Studies,Humanities
Art; History,Humanities
Art; Philosophy,Humanities
Arts & Humanities - Other Topics,Humanities
Arts & Humanities - Other Topics; Asian Studies,Humanities
Arts & Humanities - Other Topics; Classics,Humanities
Arts & Humanities - Other Topics; Computer Science,Humanities
Arts & Humanities - Other Topics; Cultural Studies,Humanities
Arts & Humanities - Other Topics; Ethnic Studies,Humanities
Arts & Humanities - Other Topics; History,Humanities
Arts & Humanities - Other Topics; Information Science & Library Science,Humanities
Arts & Humanities - Other Topics; Linguistics,Humanities
Arts & Humanities - Other Topics; Literature,Humanities
Arts & Humanities - Other Topics; Psychology,Humanities
Arts & Humanities - Other Topics; Social Sciences - Other Topics,Humanities
Asian Studies,Humanities
Asian Studies; Linguistics,Humanities
Asian Studies; Philosophy,Humanities
Asian Studies; Religion,Humanities
Astronomy & Astrophysics,Physical
Astronomy & Astrophysics; Geology; Meteorology & Atmospheric Sciences,Physical
Astronomy & Astrophysics; Physics,Physical
Automation & Control Systems; Computer Science,Physical
Automation & Control Systems; Computer Science; Engineering,Physical
Automation & Control Systems; Computer Science; Operations Research &,Physical
Automation & Control Systems; Instruments & Instrumentation,Physical
Behavioral Sciences; Engineering; Psychology,Social
Behavioral Sciences; Neurosciences & Neurology; Psychology,Social
Behavioral Sciences; Zoology,Social
Biochemistry & Molecular Biology,Physical
Biochemistry & Molecular Biology; Biotechnology & Applied Microbiology;,Physical
Biochemistry & Molecular Biology; Cell Biology,Physical
Biochemistry & Molecular Biology; Chemistry,Physical
Biochemistry & Molecular Biology; Chemistry; Spectroscopy,Physical
Biochemistry & Molecular Biology; Environmental Sciences & Ecology,Physical
Biochemistry & Molecular Biology; Environmental Sciences & Ecology;,Physical
Biochemistry & Molecular Biology; Evolutionary Biology; Genetics &,Physical
Biochemistry & Molecular Biology; Genetics & Heredity,Physical
Biochemistry & Molecular Biology; Life Sciences & Biomedicine - Other,Physical
Biochemistry & Molecular Biology; Mathematical & Computational Biology,Physical
Biochemistry & Molecular Biology; Microbiology,Physical
Biodiversity & Conservation,Life
Biodiversity & Conservation; Environmental Sciences & Ecology,Life
Biodiversity & Conservation; Environmental Sciences & Ecology; Marine &,Life
Biophysics; Chemistry; Spectroscopy,Life
Biophysics; Public Environment ,Life
Biotechnology & Applied Microbiology; Cell Biology,Life
Biotechnology & Applied Microbiology; Environmental Sciences & Ecology,Life
Biotechnology & Applied Microbiology; Food Science & Technology,Life
Biotechnology & Applied Microbiology; Genetics & Heredity,Life
Biotechnology & Applied Microbiology; Plant Sciences,Life
Business & Economics,Social
Business & Economics; Computer Science; Telecommunications,Social
Business & Economics; Geography,Social
Business & Economics; History; Social Sciences - Other Topics,Social
Business & Economics; Operations Research & Management Science,Social
Business & Economics; Public Administration,Social
Business & Economics; Social Sciences - Other Topics,Social
Business & Economics; Sociology,Social
Cardiovascular System & Cardiology; Pediatrics,Medicine
Cell Biology,Life
Cell Biology; Pathology,Life
Chemistry,Physical
Chemistry; Crystallography,Physical
Chemistry; Education & Educational Research,Physical
Chemistry; Electrochemistry; Instruments & Instrumentation,Physical
Chemistry; Engineering,Physical
Chemistry; Environmental Sciences & Ecology,Physical
Chemistry; Food Science & Technology; Nutrition & Dietetics,Physical
Chemistry; Food Science & Technology; Spectroscopy,Physical
Chemistry; Instruments & Instrumentation,Physical
Chemistry; Materials Science,Physical
Chemistry; Materials Science; Mineralogy,Physical
Chemistry; Materials Science; Physics,Physical
Chemistry; Nuclear Science & Technology,Physical
Chemistry; Nuclear Science & Technology; Physics,Physical
"Chemistry; Nuclear Science & Technology; Radiology, Nuclear Medicine",Physical
Chemistry; Physics,Physical
Chemistry; Science & Technology - Other Topics; Materials Science;,Physical
Chemistry; Spectroscopy,Physical
Classics,Humanities
Classics; History,Humanities
Communication,Social
Communication; Environmental Sciences & Ecology,Social
Communication; Film;  Radio & Television,Social
Communication; Information Science & Library Science,Social
Communication; Sociology,Social
Computer Science,Formal
Computer Science; Education & Educational Research,Formal
Computer Science; Education & Educational Research; Engineering,Formal
Computer Science; Engineering,Formal
Computer Science; Engineering; Imaging Science & Photographic Technology,Formal
Computer Science; Engineering; Mathematics,Formal
Computer Science; Engineering; Operations Research & Management Science,Formal
Computer Science; Geography; Physical Geography; Information Science &,Formal
Computer Science; Geology,Formal
Computer Science; History & Philosophy of Science; Mathematics,Formal
Computer Science; Imaging Science & Photographic Technology,Formal
Computer Science; Information Science & Library Science,Formal
Computer Science; Information Science & Library Science; Social Sciences,Formal
Computer Science; Mathematics,Formal
Computer Science; Mathematics; Science & Technology - Other Topics,Formal
Computer Science; Neurosciences & Neurology; Psychology,Formal
Computer Science; Physical Geography,Formal
Computer Science; Telecommunications,Formal
Construction & Building Technology,Formal
Construction & Building Technology; Engineering,Engineering
Construction & Building Technology; Engineering; Public,Engineering
Construction & Building Technology; Materials Science,Engineering
Criminology & Penology,Social
Criminology & Penology; Social Sciences - Other Topics,Social
Crystallography,Physical
Cultural Studies,Social
Cultural Studies; Arts & Humanities - Other Topics,Social
Cultural Studies; Communication,Social
"Cultural Studies; Communication; Film, Radio and Television",Social
Cultural Studies; Women's Studies,Social
Demography,Social
Demography; Ethnic Studies,Social
"Dentistry, Oral Surgery",Medicine
"Dentistry, Oral Surgery and Medicine",Medicine
Dermatology,Medicine
Education & Educational Research,Education
Education & Educational Research; Engineering,Education
Education & Educational Research; Ethnic Studies,Education
Education & Educational Research; Nursing,Education
Education & Educational Research; Psychology; Rehabilitation,Education
Education & Educational Research; Psychology; Sociology,Education
Education & Educational Research; Social Sciences - Other Topics,Education
Electrochemistry,Physical
Electrochemistry; Metallurgy & Metallurgical Engineering; Materials,Physical
Endocrinology & Metabolism,Life
Energy & Fuels; Geology,Physical
Engineering,Engineering
Engineering; Astronomy & Astrophysics; Geology,Engineering
Engineering; Environmental Sciences & Ecology,Engineering
Engineering; Geology,Engineering
Engineering; Geology; Remote Sensing,Engineering
Engineering; Geology; Water Resources,Engineering
Engineering; Instruments & Instrumentation,Engineering
Engineering; Instruments & Instrumentation; Optics,Engineering
Engineering; Instruments & Instrumentation; Physics,Engineering
Engineering; Materials Science,Engineering
Engineering; Mathematics,Engineering
Engineering; Mechanics,Engineering
Engineering; Oceanography,Engineering
Engineering; Operations Research & Management Science,Engineering
Engineering; Optics; Imaging Science & Photographic Technology,Engineering
Engineering; Optics; Physics,Engineering
Engineering; Physical Geography; Remote Sensing; Imaging Science &,Engineering
Engineering; Physics,Engineering
Engineering; Research & Experimental Medicine,Engineering
Engineering; Science & Technology - Other Topics; Instruments &,Engineering
Engineering; Water Resources,Engineering
Entomology,Life
Entomology; Veterinary Sciences,Life
Environmental Sciences & Ecology,Life
Environmental Sciences & Ecology; Agriculture,Life
Environmental Sciences & Ecology; Agriculture; Water Resources,Life
Environmental Sciences & Ecology; Business & Economics,Life
Environmental Sciences & Ecology; Engineering,Life
Environmental Sciences & Ecology; Evolutionary Biology,Life
Environmental Sciences & Ecology; Evolutionary Biology; Genetics &,Life
Environmental Sciences & Ecology; Geography,Life
Environmental Sciences & Ecology; Geography; Physical Geography; Urban,Life
Environmental Sciences & Ecology; Geology,Life
Environmental Sciences & Ecology; Geology; Marine & Freshwater Biology,Life
Environmental Sciences & Ecology; Geology; Oceanography,Life
Environmental Sciences & Ecology; Geology; Water Resources,Life
Environmental Sciences & Ecology; History,Life
Environmental Sciences & Ecology; International Relations,Life
Environmental Sciences & Ecology; Marine & Freshwater Biology,Life
Environmental Sciences & Ecology; Marine & Freshwater Biology;,Life
Environmental Sciences & Ecology; Marine & Freshwater Biology; Water,Life
Environmental Sciences & Ecology; Meteorology & Atmospheric Sciences,Life
Environmental Sciences & Ecology; Mining & Mineral Processing,Life
Environmental Sciences & Ecology; Physical Geography,Life
Environmental Sciences & Ecology; Physical Geography; Geology,Life
Environmental Sciences & Ecology; Public,Life
Environmental Sciences & Ecology; Social Sciences - Other Topics;,Life
Environmental Sciences & Ecology; Sociology,Life
Environmental Sciences & Ecology; Toxicology,Life
Environmental Sciences & Ecology; Urban Studies,Life
Environmental Sciences & Ecology; Zoology,Life
Ethnic Studies,Social
Ethnic Studies; History; Government & Law; Sociology,Social
Ethnic Studies; Social Sciences - Other Topics,Social
Ethnic Studies; Sociology,Social
Evolutionary Biology,Life
Evolutionary Biology; Genetics & Heredity,Life
Family Studies,Social
"Film, Radio and Television",Humanities
Fisheries,Life
Fisheries; Marine & Freshwater Biology,Life
Forestry,Life
General & Internal Medicine,Medicine
Genetics & Heredity,Life
Genetics & Heredity; Immunology,Life
Genetics & Heredity; Legal Medicine,Medicine
Genetics & Heredity; Microbiology,Life
Geochemistry & Geophysics,Physical
Geochemistry & Geophysics; Engineering,Physical
Geochemistry & Geophysics; Engineering; Remote Sensing; Imaging Science,Physical
Geochemistry & Geophysics; Mineralogy,Physical
Geochemistry & Geophysics; Oceanography,Physical
Geography,Social
Geography; Physical Geography,Social
Geography; Public Administration,Social
Geography; Public Administration; Urban Studies,Social
Geography; Social Sciences - Other Topics,Social
Geography; Urban Studies,Social
Geology,Physical
Geology; Agriculture; Water Resources,Physical
Geology; History & Philosophy of Science,Physical
Geology; Marine & Freshwater Biology; Oceanography,Physical
Geology; Meteorology & Atmospheric Sciences,Physical
Geology; Meteorology & Atmospheric Sciences; Water Resources,Physical
Geology; Mining & Mineral Processing,Physical
Geology; Oceanography,Physical
Geology; Paleontology,Physical
Geology; Water Resources,Physical
Government & Law,Law
Government & Law; Social Issues,Law
Government & Law; Social Sciences - Other Topics,Law
Government & Law; Women's Studies,Law
History,Humanities
History & Philosophy of Science,Humanities
History & Philosophy of Science; Mathematics,Humanities
History & Philosophy of Science; Philosophy,Humanities
History & Philosophy of Science; Religion,Humanities
History & Philosophy of Science; Science & Technology - Other Topics,Humanities
History & Philosophy of Science; Social Sciences - Other Topics,Humanities
History; Arts & Humanities - Other Topics,Humanities
History; Asian Studies,Humanities
History; Asian Studies; Linguistics,Humanities
History; Business & Economics,Humanities
History; History & Philosophy of Science,Humanities
History; Linguistics; Literature,Humanities
History; Literature,Humanities
History; Literature; Philosophy,Humanities
History; Literature; Religion,Humanities
History; Religion,Humanities
History; Social Sciences - Other Topics,Humanities
History; Social Sciences - Other Topics; Business & Economics,Humanities
History; Social Sciences - Other Topics; Urban Studies,Humanities
Imaging Science & Photographic Technology,Medicine
Immunology; Microbiology; Respiratory System,Medicine
Immunology; Pharmacology & Pharmacy; Toxicology,Medicine
Information Science & Library Science,Humanities
Information Science & Library Science; Science & Technology - Other,Humanities
Information Science & Library Science; Social Sciences - Other Topics,Humanities
Instruments & Instrumentation,Physical
Instruments & Instrumentation; Materials Science,Physical
Instruments & Instrumentation; Microscopy,Physical
Instruments & Instrumentation; Nuclear Science & Technology,Physical
Instruments & Instrumentation; Nuclear Science & Technology; Physics,Physical
Instruments & Instrumentation; Optics; Physics,Physical
Instruments & Instrumentation; Spectroscopy,Physical
Integrative & Complementary Medicine; Neurosciences & Neurology,Medicine
International Relations,Law
International Relations; Government & Law,Law
Legal Medicine,Medicine
Legal Medicine; Biomedical Social Sciences,Medicine
Legal Medicine; Pathology,Medicine
Life Sciences & Biomedicine - Other Topics,Life
Life Sciences & Biomedicine - Other Topics; Environmental Sciences &,Life
Life Sciences & Biomedicine - Other Topics; Genetics & Heredity,Life
Life Sciences & Biomedicine - Other Topics; History & Philosophy of,Life
Life Sciences & Biomedicine - Other Topics; Mathematical & Computational,Life
Life Sciences & Biomedicine - Other Topics; Paleontology,Life
Life Sciences & Biomedicine - Other Topics; Radiology,Life
Life Sciences & Biomedicine - Other Topics; Science & Technology - Other,Life
Life Sciences & Biomedicine - Other Topics; Zoology,Life
Linguistics,Humanities
Linguistics; Literature,Humanities
Linguistics; Literature; Religion,Humanities
Linguistics; Neurosciences & Neurology; Psychology,Humanities
Linguistics; Psychology,Humanities
Literature,Humanities
Literature; Arts & Humanities - Other Topics,Humanities
Literature; Linguistics,Humanities
Literature; Religion,Humanities
Literature; Theater,Humanities
Marine & Freshwater Biology,Life
Marine & Freshwater Biology; Oceanography,Life
Marine & Freshwater Biology; Zoology,Life
Materials Science,Physical
Materials Science; Metallurgy & Metallurgical Engineering,Physical
Materials Science; Metallurgy & Metallurgical Engineering; Mineralogy;,Physical
Materials Science; Microscopy,Physical
Materials Science; Mineralogy,Physical
Materials Science; Optics,Physical
Materials Science; Optics; Physics,Physical
Materials Science; Physics,Physical
Materials Science; Polymer Science,Physical
Mathematical & Computational Biology; Radiology,Formal
Mathematics,Formal
Mathematics; Physics,Formal
Mathematics; Psychology,Formal
Mathematics; Science & Technology - Other Topics,Formal
Metallurgy & Metallurgical Engineering,Physical
Meteorology & Atmospheric Sciences,Physical
Microbiology,Life
Microscopy,Physical
Microscopy; Spectroscopy,Physical
Mineralogy,Physical
Mineralogy; Mining & Mineral Processing,Physical
Mining & Mineral Processing,Physical
Music,Humanities
Music; Psychology,Humanities
Mycology,Life
Neurosciences & Neurology; Psychiatry,Medicine
Neurosciences & Neurology; Psychology,Medicine
Neurosciences & Neurology; Surgery,Medicine
Nuclear Science & Technology,Physical
Nursing,Medicine
Nursing; Psychiatry,Medicine
Nutrition & Dietetics,Medicine
Obstetrics & Gynecology,Medicine
Oceanography,Life
Oceanography; Water Resources,Life
Oceanography; Zoology,Life
Operations Research & Management Science; Mathematics,Formal
Ophthalmology; Surgery,Medicine
Optics,Physical
Optics; Physics,Physical
Otorhinolaryngology; Pediatrics,Medicine
Paleontology,Life
Paleontology; Pathology,Life
Paleontology; Zoology,Life
Parasitology,Life
Parasitology; Tropical Medicine,Medicine
Philosophy,Humanities
Philosophy; Government & Law,Humanities
Philosophy; Religion,Humanities
Philosophy; Social Sciences - Other Topics,Humanities
Physical Geography,Physical
Physical Geography; Geology,Physical
Physical Geography; Geology; Paleontology,Physical
Physical Geography; Geology; Remote Sensing; Imaging Science &,Physical
Physical Geography; Remote Sensing,Physical
Physics,Physical
Physics; Spectroscopy,Physical
Physiology,Life
Plant Sciences,Life
Plant Sciences; Environmental Sciences & Ecology,Life
Plant Sciences; Environmental Sciences & Ecology; Agriculture,Life
Plant Sciences; Environmental Sciences & Ecology; Forestry,Life
Plant Sciences; Forestry; Physical Geography,Life
Plant Sciences; Mycology,Life
Plant Sciences; Paleontology,Life
Plant Sciences; Pharmacology & Pharmacy,Life
Plant Sciences; Pharmacology & Pharmacy; Integrative & Complementary,Life
Plant Sciences; Science & Technology - Other Topics; Zoology,Life
Polymer Science,Physical
Psychiatry,Medicine
Psychiatry; Psychology,Medicine
Psychology,Social
Psychology; Behavioral Sciences; Biomedical Social Sciences,Social
Psychology; Behavioral Sciences; Neurosciences & Neurology,Social
Psychology; Biomedical Social Sciences,Social
Psychology; Social Sciences - Other Topics,Social
Public Administration,Law
Public Administration; Government & Law,Law
Public Environment and Occupational health,Social
Public Environmental & Occupational Health; Biomedical Social Sciences,Social
Public  Environmental & Occupational Health; Biomedical Social Sciences;,Social
Public  Environmental & Occupational Health; Infectious Diseases;,Social
"Radiology,  Nuclear Medicine & Medical Imaging",Medicine
Religion,Humanities
Remote Sensing,Physical
Remote Sensing; Imaging Science & Photographic Technology,Physical
Research & Experimental Medicine,Medicine
Research & Experimental Medicine; Pharmacology & Pharmacy,Medicine
Rheumatology,Medicine
Robotics,Physical
Science & Technology - Other Topics,Physical
Science & Technology - Other Topics; Energy & Fuels,Physical
Science & Technology - Other Topics; Environmental Sciences & Ecology,Life
Science & Technology - Other Topics; Materials Science; Physics,Physical
Science & Technology - Other Topics; Public Administration,Social
Science & Technology - Other Topics; Social Sciences - Other Topics,Social
Social Issues,Social
Social Issues; Religion,Social
Social Issues; Social Sciences - Other Topics,Social
Social Issues; Social Sciences - Other Topics; Sociology,Social
Social Issues; Social Sciences - Other Topics; Women's Studies,Social
Social Sciences - Other Topics,Social
Social Sciences - Other Topics; Engineering; History & Philosophy of,Social
Social Sciences - Other Topics; Health Care Sciences & Services; Medical,Social
Social Sciences - Other Topics; History & Philosophy of Science,Social
Social Sciences - Other Topics; History; Philosophy,Social
Social Sciences - Other Topics; Mathematics,Social
Social Sciences - Other Topics; Philosophy,Social
Social Sciences - Other Topics; Psychology,Social
Social Sciences - Other Topics; Sociology,Social
Social Work,Social
Sociology,Social
Sociology; Veterinary Sciences,Social
Spectroscopy,Physical
Sport Sciences,Life
Substance Abuse,Medicine
Surgery,Life
Theater,Humanities
Thermodynamics; Chemistry,Physical
Thermodynamics; Chemistry; Materials Science; Metallurgy & Metallurgical,Physical
Thermodynamics; Chemistry; Mechanics; Physics,Physical
Thermodynamics; Energy & Fuels; Engineering; Mechanics,Physical
Thermodynamics; Energy & Fuels; Mechanics,Physical
Tropical Medicine,Medicine
Urban Studies,Social
Veterinary Sciences,Life
Water Resources,Life
Women's Studies,Social
Zoology,Life